{"cameraMode":{"drawMode":0,"name":"Shaded","section":"Shading Mode"},"sceneLighting":true,"audioPlay":false,"sceneViewState":{"showFog":true,"showMaterialUpdate":false,"showSkybox":false,"showFlares":true,"showImageEffects":true,"showParticleSystems":true},"in2DMode":false,"pivot":{"x":4.9311299324035648,"y":1.1920928955078126e-7,"z":1.0493632555007935},"rotation":{"x":-0.638892412185669,"y":-0.12910501658916474,"z":0.10995311290025711,"w":-0.7504033446311951},"size":2.857893466949463,"orthographic":false}