{"cameraMode":{"drawMode":0,"name":"Shaded","section":"Shading Mode"},"sceneLighting":false,"audioPlay":false,"sceneViewState":{"showFog":true,"showMaterialUpdate":false,"showSkybox":false,"showFlares":true,"showImageEffects":true,"showParticleSystems":true},"in2DMode":false,"pivot":{"x":9.286145210266114,"y":0.7999998331069946,"z":-0.7644280195236206},"rotation":{"x":-0.04923246055841446,"y":0.9197624325752258,"z":-0.12239662557840347,"w":-0.3697054386138916},"size":7.5043840408325199,"orthographic":false}