{"cameraMode":{"drawMode":0,"name":"Shaded","section":"Shading Mode"},"sceneLighting":true,"audioPlay":false,"sceneViewState":{"showFog":true,"showMaterialUpdate":false,"showSkybox":false,"showFlares":true,"showImageEffects":true,"showParticleSystems":true},"in2DMode":false,"pivot":{"x":-0.3500000238418579,"y":1.0,"z":0.9300000071525574},"rotation":{"x":-0.20519864559173585,"y":0.21298879384994508,"z":-0.045748379081487659,"w":-0.9542010426521301},"size":3.0593674182891847,"orthographic":false}